编号,标题,链接
1,552. 学生出勤记录 II :「记忆化搜索」&「动态规划」&「矩阵快速幂」,https://zhuanlan.zhihu.com/p/401026275
2,551. 学生出勤记录 I : 简单模拟题,https://zhuanlan.zhihu.com/p/400549984
3,526. 优美的排列 : 详解两种状态压缩 DP 思路,https://zhuanlan.zhihu.com/p/400242696
4,576. 出界的路径数 :「记忆化搜索」&「动态规划」,https://zhuanlan.zhihu.com/p/399961790
5,1583. 统计不开心的朋友 : 数据结构模拟题,https://zhuanlan.zhihu.com/p/399665692
6,233. 数字 1 的个数 : 将数位 DP 问题转化为计数类模拟题,https://zhuanlan.zhihu.com/p/399397220
7,516. 最长回文子序列 : 区间 DP 求解最长回文子序列问题,https://zhuanlan.zhihu.com/p/399036348
8,446. 等差数列划分 II - 子序列 ：详解如何分析「序列 DP」问题,https://zhuanlan.zhihu.com/p/398603809
9,413. 等差数列划分 : 双指针求解等差数列划分,https://zhuanlan.zhihu.com/p/398196394
10,313. 超级丑数 :「优先队列」&「多路归并」,https://zhuanlan.zhihu.com/p/397864828
11,1137. 第 N 个泰波那契数 :「迭代」&「递归」&「矩阵快速幂」&「打表」,https://zhuanlan.zhihu.com/p/397594416
12,457. 环形数组是否存在循环 :「朴素模拟」&「遍历标记（含优化）」,https://zhuanlan.zhihu.com/p/397361748
13,847. 访问所有节点的最短路径 :「BFS」&「Floyd + 状压 DP」 &「AStar 算法」,https://zhuanlan.zhihu.com/p/397086608
14,【最短路/必背模板】743. 网络延迟时间 : 涵盖所有的「存图方式」与「最短路算法（详尽注释）」,https://zhuanlan.zhihu.com/p/396576813
15,802. 找到最终的安全状态 : 详解何为拓扑排序，以及求拓扑排序方法的正确性证明,https://zhuanlan.zhihu.com/p/396571131
16,611. 有效三角形的个数 :「简单枚举」&「二分枚举」&「双指针」,https://zhuanlan.zhihu.com/p/396192278
17,581. 最短无序连续子数组 :「双指针 + 排序」&「双指针 + 线性扫描」,https://zhuanlan.zhihu.com/p/395761439
18,743. 网络延迟时间 : 五种最短路算法 & 两种存图方式,https://zhuanlan.zhihu.com/p/395376191
19,1337. 矩阵中战斗力最弱的 K 行 :「朴素解法」&「二分 + 优先队列（堆）」,https://zhuanlan.zhihu.com/p/395240370
20,171. Excel表列序号 : 通用进制转换方式,https://zhuanlan.zhihu.com/p/394864407
21,987. 二叉树的垂序遍历 :「DFS + 哈希表 + 排序」&「DFS + 优先队列（堆）」,https://zhuanlan.zhihu.com/p/394861908
22,二叉树寻路的两种方式 :「模拟」&「数学」,https://zhuanlan.zhihu.com/p/394307655
23,863. 二叉树中所有距离为 K 的结点 :「建图 + BFS」&「建图 + 迭代加深」,https://zhuanlan.zhihu.com/p/393857758
24,671. 二叉树中第二小的节点 :「树的遍历」&「递归」,https://zhuanlan.zhihu.com/p/393561872
25,1713. 得到子序列的最少操作次数 : 详解为何能从 LCS 问题转化为 LIS 问题，以及 LIS 贪心解的正确性证明,https://zhuanlan.zhihu.com/p/393197463
26,1743. 从相邻元素对还原数组 :「单向构造」&「双向构造」,https://zhuanlan.zhihu.com/p/392910382
27,1736. 替换隐藏数字得到的最晚时间 : 替换隐藏数字得到的最晚时间,https://zhuanlan.zhihu.com/p/392672995
28,1893. 检查是否区域内所有整数都被覆盖 : 简单题学「树状数组」&「线段树」,https://zhuanlan.zhihu.com/p/392452201
29,138. 复制带随机指针的链表 :「哈希表」&「原地算法」,https://zhuanlan.zhihu.com/p/392042157
30,剑指 Offer 52. 两个链表的第一个公共节点 : 找「两条链表的第一个公共节点」的五种方式,https://zhuanlan.zhihu.com/p/391700263
31,1877. 数组中最大数对和的最小值 : 最大数对和的最小值，贪心解的正确性证明,https://zhuanlan.zhihu.com/p/391379970
32,1838. 最高频元素的频数 : 从「枚举」到「排序 + 前缀和 + 二分 + 滑动窗口」,https://zhuanlan.zhihu.com/p/390972665
33,面试题 10.02. 变位词组 : 统计「词频相同」字符的几种方式（打表技巧）,https://zhuanlan.zhihu.com/p/390740232
34,剑指 Offer 42. 连续子数组的最大和 : 简单线性 DP 与简单拓展,https://zhuanlan.zhihu.com/p/390511281
35,剑指 Offer 42. 连续子数组的最大和」: 两种「二分」统计有序数组中 target 出现次数的思路,https://zhuanlan.zhihu.com/p/390236480
36,1846. 减小和重新排列数组后的最大元素 : 贪心决策原排序数组的每一位，以及贪心解的正确性证明,https://zhuanlan.zhihu.com/p/389912733
37,运用「二分」找最佳替换方案,https://zhuanlan.zhihu.com/p/389529051
38,扫描线算法基本思路 & 优先队列维护当前最大高度,https://zhuanlan.zhihu.com/p/389330798
39,两种二分基本思路,https://zhuanlan.zhihu.com/p/388832920
40,利用二段性找最大 H 指数,https://zhuanlan.zhihu.com/p/388710706
41,数据结构运用：「哈希表套数组」&「哈希表套树」,https://zhuanlan.zhihu.com/p/388372578
42,简单题学摩尔投票算法,https://zhuanlan.zhihu.com/p/388095118
43,和相同的二元子数组 :「前缀和 + 哈希表」&「双指针」,https://zhuanlan.zhihu.com/p/387727401
44,详解几种「枚举 & 计数」的基本思路,https://zhuanlan.zhihu.com/p/387400968
45,比较哈希表与红黑树两种实现,https://zhuanlan.zhihu.com/p/387040802
46,数据结构运用模拟题（双栈表达式计算的简化版）,https://zhuanlan.zhihu.com/p/386714407
47,数据结构运用模拟题,https://zhuanlan.zhihu.com/p/386265843
48,为啥不是「背包」是「贪心」，以及「贪心解」的正确性证明,https://zhuanlan.zhihu.com/p/385972123
49,图论搜索与动态规划求方案数,https://zhuanlan.zhihu.com/p/385632896
50,【综合笔试题】难度 3/5，两遍 DP 的回文串分割题,https://zhuanlan.zhihu.com/p/385443584
51,二叉树的序列化与反序列化,https://zhuanlan.zhihu.com/p/385319839
52,【简单模拟题】一道特殊的进制转换题,https://zhuanlan.zhihu.com/p/384973459
53,【图论搜索专题】如何使用「多源 BFS」降低时间复杂度,https://zhuanlan.zhihu.com/p/384798506
54,【图论 BFS 搜索】并查集加速双向 BFS（附朴素 BFS 解法）,https://zhuanlan.zhihu.com/p/384699914
55,图论 BFS 模拟题,https://zhuanlan.zhihu.com/p/384499119
56,发挥 A* 算法最大价值的关键点（附朴素 BFS 解法）,https://zhuanlan.zhihu.com/p/384179485
57,双向 BFS 基本思路（含模板）以及两种「启发式搜索」算法,https://zhuanlan.zhihu.com/p/383947524
58,【综合笔试题】难度 2.5/5，结合了「DP」和「回溯」的经典回文串题目,https://zhuanlan.zhihu.com/p/383499210
59,两种「统计直线上最多的点数」的思路,https://zhuanlan.zhihu.com/p/383496378
60,四种方式统计「二进制表示中 1 的个数」,https://zhuanlan.zhihu.com/p/383139342
61,通用实现去重的两种方式,https://zhuanlan.zhihu.com/p/382849590
62,【动态规划/背包问题】背包问题第一阶段最终章：混合背包问题,https://zhuanlan.zhihu.com/p/382832176
63,简单题学打表法,https://zhuanlan.zhihu.com/p/382537378
64,使用「单向链表 & 标记删除」维护继承顺序,https://zhuanlan.zhihu.com/p/382291683
65,一题三解 : 「剪枝 DFS」&「二进制枚举」&「模拟退火」,https://zhuanlan.zhihu.com/p/382076463
66,优雅实现字符串模拟,https://zhuanlan.zhihu.com/p/381434979
67,【图论搜索专题】如何使用「双向 BFS」解决搜索空间爆炸问题,https://zhuanlan.zhihu.com/p/381430881
68,经典区间 DP & 经典博弈游戏,https://zhuanlan.zhihu.com/p/381082913
69,二分 & 三分查值问题,https://zhuanlan.zhihu.com/p/380717502
70,【动态规划/背包问题】多重背包の单调队列优化,https://zhuanlan.zhihu.com/p/379510583
71,特殊多维费用背包问题解决方案,https://zhuanlan.zhihu.com/p/379162623
72,详解为何能转换为背包问题,https://zhuanlan.zhihu.com/p/378840156
73,（四解）目标和问题 : 「DFS」&「记忆化搜索」&「全量 DP」&「优化 DP」,https://zhuanlan.zhihu.com/p/378647703
74,从更本质的角度去看「加油站」问题,https://zhuanlan.zhihu.com/p/378645887
75,【设计数据结构】实现一个 LFUCache,https://zhuanlan.zhihu.com/p/377580645
76,【设计数据结构】实现一个 LRUCache,https://zhuanlan.zhihu.com/p/376839059
77,优化枚举的基本思路与进阶内容,https://zhuanlan.zhihu.com/p/376248895
78,应用乘法原理统计集合元素组合个数,https://zhuanlan.zhihu.com/p/376248060
79,如何抽象成二维问题进行求解,https://zhuanlan.zhihu.com/p/375051469
80,74. 搜索二维矩阵:「二分」&「抽象 BST」解法,https://zhuanlan.zhihu.com/p/374825326
81,同一贪心思路的两种求解方式,https://zhuanlan.zhihu.com/p/374819111
82,详解如何得出状态转移关键点,https://zhuanlan.zhihu.com/p/374817541
83,借这个问题来实现一个「可删除/计数」的 Trie 树,https://zhuanlan.zhihu.com/p/374540497
84,详解为何元素相同会导致 O(n)，一起看清二分的本质,https://zhuanlan.zhihu.com/p/374386470
85,「树的搜索」&「二叉树的中序遍历」解法,https://zhuanlan.zhihu.com/p/374365124
86,【图解 Trie】两种实现 Trie 的方式及其优缺点对比分析,https://zhuanlan.zhihu.com/p/374363453
87,从 I 到 II : 如何将「新限制条件」拎出，将问题转化为已解决方案,https://zhuanlan.zhihu.com/p/374360841
88,应用「博弈论」分析「先手必胜态」序列具有何种性质,https://zhuanlan.zhihu.com/p/374328668
89,优化枚举的基本思路 & 将二维抽象成一维 & 最大化「二分」效益 & 空间优化,https://zhuanlan.zhihu.com/p/373834647
90,详解为何能转换为序列 DP 问题,https://zhuanlan.zhihu.com/p/373823948
91,利用「二段性」找分割点，以及如何确定「二分范围」,https://zhuanlan.zhihu.com/p/373780933
92,降低确定「记忆化容器大小」的思维难度 & 利用「对偶性质」构造有效状态值,https://zhuanlan.zhihu.com/p/373772040
93,正难则反，使用哈希表求解,https://zhuanlan.zhihu.com/p/373751561
94,详解使用「哈希表」&「优先队列」进行求解,https://zhuanlan.zhihu.com/p/373744876
95,【动态规划/背包问题】详解「完全背包」问题 & 三种背包问题之间的内在关系,https://zhuanlan.zhihu.com/p/372430744
96,【面试高频系列】修改数据范围，可以从「简单 BFS」变为「挖掘性质」的贪心 DP 题,https://zhuanlan.zhihu.com/p/372133712
97,利用「二段性」找分割点，以及优化 check 函数,https://zhuanlan.zhihu.com/p/371590337
98,「树状数组」&「前缀和」，以及如何考虑「区间求值」问题,https://zhuanlan.zhihu.com/p/371587615
99,剪枝的艺术 & 调参的艺术,https://zhuanlan.zhihu.com/p/370690961
100,【面试高频系列】可变形的经典题，修改不同的条件则对应不同的原题,https://zhuanlan.zhihu.com/p/370516961
101,【综合笔试题】难度 4/5，一道通过「分类/分子集」来进行优化的思维题,https://zhuanlan.zhihu.com/p/370241420
102,转换为序列 DP 问题进行求解,https://zhuanlan.zhihu.com/p/369825901
103,【综合笔试题】难度 1/5，一道结合了其他数据结构的「链表合并」题,https://zhuanlan.zhihu.com/p/369777192
104,【综合笔试题】难度 1/5，一道「正难则反」的等式变换题,https://zhuanlan.zhihu.com/p/369776863
105,【面试高频系列】一道简单 & 可优化的开场面试题,https://zhuanlan.zhihu.com/p/369315797
106,如何降低确定「记忆化容器大小」的思维难度 & 利用「对偶性质」构造有效状态值,https://zhuanlan.zhihu.com/p/368921825
107,【动态规划/背包问题】站在更高的角度看待一般性的背包问题一维空间优化,https://zhuanlan.zhihu.com/p/368644031
108,【综合笔试题】难度 1/5，一道经典的「求和最大的定长子数组」问题,https://zhuanlan.zhihu.com/p/368378112
109,【综合笔试题】难度 2/5，一道笔试 O(nlogn)，面试 O(n) 的经典题,https://zhuanlan.zhihu.com/p/367549046
110,【面试高频系列】具有多种解法的简单题，最优解难度属于 Hard 级别,https://zhuanlan.zhihu.com/p/367548687
111,一文详解 KMP,https://zhuanlan.zhihu.com/p/366464952
112,【面试高频系列】可逐层递进的经典题，以及如何根据「数据范围」调整使用何种算法,https://zhuanlan.zhihu.com/p/366294060
113,【动态规划/背包问题】强化利用「等差」特性推导「完全背包」的核心要素,https://zhuanlan.zhihu.com/p/365656977
114,【综合笔试题】难度 4/5，一道结合了「二分」的图论题,https://zhuanlan.zhihu.com/p/365214905
115,【必背模板】字符串匹配问题的通用解法：KMP 算法 ...,https://zhuanlan.zhihu.com/p/365042393
116,实现 Trie :「二维数组」&「TrieNode」方式,https://zhuanlan.zhihu.com/p/365040732
117,【综合笔试题】难度 3/5，为啥是图论不是 DP，两者是什么关系？,https://zhuanlan.zhihu.com/p/364923234
118,【面试高频系列】可逐步优化的前缀和面试题,https://zhuanlan.zhihu.com/p/364922677
119,一题双解：优先队列 & 多路归并,https://zhuanlan.zhihu.com/p/363905239
120,简单的分情况讨论题，以及为啥先除哪个都可以,https://zhuanlan.zhihu.com/p/363904504
121,【动态规划/背包问题】从数学角度推导「完全背包」与「01 背包」之间的遍历顺序关系,https://zhuanlan.zhihu.com/p/363903203
122,【综合笔试题】难度 3/5，一道考察三个知识点的综合笔试题 ...,https://zhuanlan.zhihu.com/p/363480952
123,【面试高频系列】从一道经典题分享「二分模板」&「倍增乘法」...,https://zhuanlan.zhihu.com/p/363220929
124,【面试高频系列】生成所有「有效括号」，以及如何考虑「成对组合生成」问题 ..,https://zhuanlan.zhihu.com/p/362732955
125,【面试高频系列】一道可以考察「二分」本质的面试题 ...,https://zhuanlan.zhihu.com/p/362130248
126,【面试高频系列】考察对「二分」的理解，以及 check 函数的「大于 小于」怎么写 ...,https://zhuanlan.zhihu.com/p/362130010
127,【面试高频系列】既能考察对「数据结构」的掌握，还能考察对「递归函数」的设计 ...,https://zhuanlan.zhihu.com/p/361691799
128,【面试高频系列】一道结合「简单数据结构 & 简单算法」的面试题 ...,https://zhuanlan.zhihu.com/p/361611079
129,【动态规划/背包问题】从「最多不超过」到「恰好」，换个角度来理解「背包问题」...,https://zhuanlan.zhihu.com/p/361610503
130,【动态规划/背包问题】如何将原问题抽象为「01 背包」问题 ...,https://zhuanlan.zhihu.com/p/361609617
131,【动态规划/背包问题】那就从 0-1 背包问题开始讲起吧 ...,https://zhuanlan.zhihu.com/p/360412097
132,【设计数据结构】面试官：请用「一个数组」实现「三个栈」...,https://zhuanlan.zhihu.com/p/360029688
133,【科学派 DP】一份「路径问题从入门到进阶」的究极指南 ...,https://zhuanlan.zhihu.com/p/359865517
134,【动态规划/路径问题】用一道综合 DP 题来打开「路径问题」最终章 ...,https://zhuanlan.zhihu.com/p/359373279
135,【设计数据结构】面试官：请设计一个「最小栈」...,https://zhuanlan.zhihu.com/p/359115900
136,【设计数据结构】面试官：请用栈实现队列 ...,https://zhuanlan.zhihu.com/p/358799841
137,【设计数据结构】面试官：用队列实现栈 ...,https://zhuanlan.zhihu.com/p/358799663
138,【动态规划/路径问题】强化忽略「状态定义」&「转移方程」来求解 DP 的「技巧解法」 ...,https://zhuanlan.zhihu.com/p/358388254
139,【设计数据结构】面试官：请设计一个简单的 HashMap ...,https://zhuanlan.zhihu.com/p/357896497
140,【设计数据结构】面试官：请设计一个简单的 HashSet ...,https://zhuanlan.zhihu.com/p/357875636
141,【动态规划/路径问题】如何忽略「状态定义」&「转移方程」来实现动态规划 ...,https://zhuanlan.zhihu.com/p/357463966
142,【动态规划/路径问题】「动态规划」的前置思考「记忆化搜索」，以及如何推导基本性质来简化 Base Case ...,https://zhuanlan.zhihu.com/p/357373330
143,【动态规划/路径问题】本系列的首道 Hard ，使用有限变量来代替遍历查找 ...,https://zhuanlan.zhihu.com/p/356912210
144,【动态规划/路径问题】「最小路径和」问题的再变形 & 代入解题的注意点 ...,https://zhuanlan.zhihu.com/p/356788171
145,【动态规划/路径问题】变形「最小路径和」问题 & 常见 DP 空间优化技巧 ...,https://zhuanlan.zhihu.com/p/356459864
146,【动态规划/路径问题】进阶「最小路径和」问题 ...,https://zhuanlan.zhihu.com/p/356380959
147,【动态规划/路径问题】强化 DP 分析方法练习题 ...,https://zhuanlan.zhihu.com/p/355801809
148,【动态规划/总结必看】从一道入门题与你分享关于 DP 的分析技巧 ...,https://zhuanlan.zhihu.com/p/355766290
149,「两次遍历」要比「一次遍历」要慢 ... 为啥呀？为啥呀？？,https://zhuanlan.zhihu.com/p/355765008
150,【回溯算法】经典题：求目标和的组合方案 ...,https://zhuanlan.zhihu.com/p/355419387
151,【回溯算法】借助最后一道「组合总和」问题来总结一下回溯算法 ...,https://zhuanlan.zhihu.com/p/355075516
152,【回溯算法】求目标和的组合方案（升级篇）,https://zhuanlan.zhihu.com/p/354664352
153,【数独问题】经典面试题：解数独 ...,https://zhuanlan.zhihu.com/p/354110789
154,【数独问题】入门题：判断一个数独是否有效 ...,https://zhuanlan.zhihu.com/p/354110463
155,【答疑点评必看】如何从「数据范围」中找到解题「突破口」...,https://zhuanlan.zhihu.com/p/353610140
156,面试官：简单题我也得问出新花样 ...,https://zhuanlan.zhihu.com/p/353312384
157,利用「快慢指针」求解经典链表题：删除倒数第 N 个结点 ...,https://zhuanlan.zhihu.com/p/353244492
158,这道 Hard 到底难在哪里？大概是难在考察的全是违反“人性直觉”的内容吧 ...,https://zhuanlan.zhihu.com/p/353235205
159,双指针高频面试题：三数之和的「升级篇」...,https://zhuanlan.zhihu.com/p/352901202
160,利用「快慢指针」求解经典链表题：删除倒数第 N 个结点 ...,https://zhuanlan.zhihu.com/p/352899214
161,从一道「回溯算法」经典题与你分享回溯算法的基本套路 ..,https://zhuanlan.zhihu.com/p/352716386
162,双指针高频面试题：「三数之和」的姐妹篇 ...,https://zhuanlan.zhihu.com/p/352715952
163,一道好题！我觉得面试如果考察「双指针」的话，这题是刚刚好 ...,https://zhuanlan.zhihu.com/p/352466670
164,从 O(NlogN) 到 O(N) 的优化：「二分滑动窗口」& 「双指针」 ...,https://zhuanlan.zhihu.com/p/352255249
165,LeetCode 第 46 场双周赛题解,https://zhuanlan.zhihu.com/p/351935707
166,你真的了解什么是「暴力解法」吗 ...,https://zhuanlan.zhihu.com/p/351469368
167,如何根据「数据范围」调整自己用什么算法 ...,https://zhuanlan.zhihu.com/p/351468764
168,【刷穿 LeetCode】高频面试题：模拟乘法 ...,https://zhuanlan.zhihu.com/p/351081941
169,【刷穿 LeetCode】从一道简单「贪心」题入手，教你如何用反证法进行证明 ...,https://zhuanlan.zhihu.com/p/351002887
170,【刷穿 LeetCode】又是一道高频「双指针」面试题 ...,https://zhuanlan.zhihu.com/p/351002622
171,深度讲解背包问题：面试中每五道动态规划就有一道是背包模型 ...,https://zhuanlan.zhihu.com/p/350892562
172,LeetCode 第 227 场周赛题解,https://zhuanlan.zhihu.com/p/350882656
173,【刷穿 LeetCode】一个思路同时解决 “简单” 和 “困难” 题,https://zhuanlan.zhihu.com/p/350882306
174,【刷穿 LeetCode】为什么情侣可以这样牵手？,https://zhuanlan.zhihu.com/p/350881947
175,【Top K】问题的多种解法：冒泡排序 & 快速排序 & 优先队列 ...,https://zhuanlan.zhihu.com/p/350483681
176,【刷穿 LeetCode】42. 接雨水（困难）,https://zhuanlan.zhihu.com/p/350357548
177,【刷穿 LeetCode】41. 缺失的第一个正数（困难）,https://zhuanlan.zhihu.com/p/350357119
178,【刷穿 LeetCode】40. 组合总和 II（中等）,https://zhuanlan.zhihu.com/p/350356636
179,【刷穿 LeetCode】39. 组合总和（中等）,https://zhuanlan.zhihu.com/p/350356491
180,【刷穿 LeetCode】38. 外观数列（简单）,https://zhuanlan.zhihu.com/p/350356237
181,【刷穿 LeetCode】992. K 个不同整数的子数组（困难）,https://zhuanlan.zhihu.com/p/350273946
182,【刷穿 LeetCode】37. 解数独（困难）,https://zhuanlan.zhihu.com/p/350173986
183,【刷穿 LeetCode】36. 有效的数独（中等）,https://zhuanlan.zhihu.com/p/350173685
184,【刷穿 LeetCode】35. 搜索插入位置（简单）,https://zhuanlan.zhihu.com/p/350173440
185,【刷穿 LeetCode】34. 在排序数组中查找元素的第一个和最后一个位置（中等）,https://zhuanlan.zhihu.com/p/350172144
186,【刷穿 LeetCode】33. 搜索旋转排序数组（中等）,https://zhuanlan.zhihu.com/p/350171749
187,【刷穿 LeetCode】32. 最长有效括号（困难）,https://zhuanlan.zhihu.com/p/350171589
188,【刷穿 LeetCode】31. 下一个排列（中等）,https://zhuanlan.zhihu.com/p/350171198
189,【刷穿 LeetCode】30. 串联所有单词的子串（困难）,https://zhuanlan.zhihu.com/p/350170909
190,【刷穿 LeetCode】1423. 可获得的最大点数（中等）,https://zhuanlan.zhihu.com/p/350097352
191,【刷穿 LeetCode】978. 最长湍流子数组（中等）,https://zhuanlan.zhihu.com/p/350096856
192,【刷穿 LeetCode】29. 两数相除（中等）,https://zhuanlan.zhihu.com/p/350096113
193,【刷穿 LeetCode】28. 实现 strStr()（简单）,https://zhuanlan.zhihu.com/p/350095625
194,【刷穿 LeetCode】27. 移除元素（简单）,https://zhuanlan.zhihu.com/p/350095334
195,【刷穿 LeetCode】26. 删除排序数组中的重复项（简单）,https://zhuanlan.zhihu.com/p/350095082
196,【刷穿 LeetCode】25. K 个一组翻转链表（困难）,https://zhuanlan.zhihu.com/p/350074382
197,【刷穿 LeetCode】24. 两两交换链表中的节点（中等）,https://zhuanlan.zhihu.com/p/350073965
198,【刷穿 LeetCode】23. 合并K个升序链表（困难）,https://zhuanlan.zhihu.com/p/350073742
199,【刷穿 LeetCode】22. 括号生成（中等）,https://zhuanlan.zhihu.com/p/350073488
200,【刷穿 LeetCode】21. 合并两个有序链表（简单）,https://zhuanlan.zhihu.com/p/350073003
201,【刷穿 LeetCode】20. 有效的括号（简单）,https://zhuanlan.zhihu.com/p/350072600
202,【刷穿 LeetCode】19. 删除链表的倒数第 N 个结点（中等）,https://zhuanlan.zhihu.com/p/350072124
203,LeetCode 第 45 场双周赛题解,https://zhuanlan.zhihu.com/p/349990860
204,【刷穿 LeetCode】18. 四数之和（中等）,https://zhuanlan.zhihu.com/p/349185323
205,【刷穿 LeetCode】16. 最接近的三数之和（中等）,https://zhuanlan.zhihu.com/p/349175533
206,【刷穿 LeetCode】15. 三数之和（中等）,https://zhuanlan.zhihu.com/p/349175134
207,【刷穿 LeetCode】14. 最长公共前缀（简单）,https://zhuanlan.zhihu.com/p/349174830
208,【刷穿 LeetCode】13. 罗马数字转整数（简单）,https://zhuanlan.zhihu.com/p/349174100
209,【刷穿 LeetCode】12. 整数转罗马数字（中等）,https://zhuanlan.zhihu.com/p/349171521
210,【刷穿 LeetCode】11. 盛最多水的容器（中等）,https://zhuanlan.zhihu.com/p/349170295
211,【刷穿 LeetCode】10. 正则表达式匹配（困难）,https://zhuanlan.zhihu.com/p/349061270
212,【刷穿 LeetCode】9. 回文数（简单）,https://zhuanlan.zhihu.com/p/349060298
213,【刷穿 LeetCode】8. 字符串转换整数 (atoi),https://zhuanlan.zhihu.com/p/349059389
214,【刷穿 LeetCode】7. 整数反转,https://zhuanlan.zhihu.com/p/349058215
215,【刷穿 LeetCode】6. Z 字形变换,https://zhuanlan.zhihu.com/p/349056978
216,【刷穿 LeetCode】5. 最长回文子串（中等）,https://zhuanlan.zhihu.com/p/349056322
217,【刷穿 LeetCode】4. 寻找两个正序数组的中位数（困难）,https://zhuanlan.zhihu.com/p/349055795
218,【刷穿 LeetCode】2. 两数相加（中等）,https://zhuanlan.zhihu.com/p/349054589
219,【刷穿 LeetCode】3. 无重复字符的最长子串（中等）,https://zhuanlan.zhihu.com/p/348817577
220,【刷穿 LeetCode】1. 两数之和（简单）,https://zhuanlan.zhihu.com/p/348814038
